{
    "entities": [
    {
        "type" : "player",
        "x" : 2,
        "y" : 2
    }, {
        "type" : "wall",
        "x" : 1,
        "y" : 1
    }, {
        "type" : "wall",
        "x" : 2,
        "y" : 1
    }, {
        "type" : "wall",
        "x" : 3,
        "y" : 1
    }, {
        "type" : "wall",
        "x" : 4,
        "y" : 1
    }, {
        "type" : "wall",
        "x" : 5,
        "y" : 1
    }, {
        "type" : "wall",
        "x" : 1,
        "y" : 2
    }, {
        "type" : "wall",
        "x" : 1,
        "y" : 3
    }, {
        "type" : "wall",
        "x" : 1,
        "y" : 4
    }, {
        "type" : "wall",
        "x" : 1,
        "y" : 5
    }, {
        "type" : "wall",
        "x" : 5,
        "y" : 2
    }, {
        "type" : "wall",
        "x" : 5,
        "y" : 3
    }, {
        "type" : "wall",
        "x" : 5,
        "y" : 4
    }, {
        "type" : "wall",
        "x" : 5,
        "y" : 5
    }, {
        "type" : "wall",
        "x" : 2,
        "y" : 5
    }, {
        "type" : "wall",
        "x" : 3,
        "y" : 5
    }, {
        "type" : "wall",
        "x" : 4,
        "y" : 5
    }, {
        "type" : "key",
        "x" : 2,
        "y" : 3,
        "key" : 1
    },{
        "type" : "key",
        "x" : 3,
        "y" : 2,
        "key" : 2
    },{
        "type" : "door",
        "x" : 3,
        "y" : 4,
        "key" : 2
    },{
        "type" : "door",
        "x" : 4,
        "y" : 3,
        "key" : 1
    },{
        "type" : "exit",
        "x" : 4,
        "y" : 4
    }
    ],
    "goal-condition": {"goal": "exit"}
}