{
    "entities": [
        {
            "x": 3,
            "y": 0,
            "type": "player"
        },
        {
            "x": 1,
            "y": 0,
            "type": "portal",
            "colour": "BLUE"
        },
        {
            "x": 1,
            "y": 2,
            "type": "portal",
            "colour": "BLUE"
        },
        {
            "x": 3,
            "y": 3,
            "type": "portal",
            "colour": "RED"
        },
        {
            "x": 4,
            "y": 0,
            "type": "portal",
            "colour": "RED"
        },
        {
            "x": 7,
            "y": 7,
            "type": "exit"
        }
    ],
    "goal-condition": {
        "goal": "exit"
    }
}