{
  "entities": [
    {
      "x": 3,
      "y": 0,
      "type": "player"
    },
    {
      "x": 1,
      "y": 1,
      "type": "portal",
      "colour": "BLUE"
    },
    {
      "x": 3,
      "y": 2,
      "type": "portal",
      "colour": "BLUE"
    },
    {
      "x": 5,
      "y": 1,
      "type": "portal",
      "colour": "GREY"
    },
    {
      "x": 4,
      "y": 3,
      "type": "portal",
      "colour": "GREY"
    },
    {
      "x": 1,
      "y": 5,
      "type": "portal",
      "colour": "GREEN"
    },
    {
      "x": 2,
      "y": 3,
      "type": "portal",
      "colour": "GREEN"
    },
    {
      "x": 5,
      "y": 5,
      "type": "portal",
      "colour": "YELLOW"
    },
    {
      "x": 3,
      "y": 4,
      "type": "portal",
      "colour": "YELLOW"
    },
    {
      "x": 3,
      "y": 3,
      "type": "portal",
      "colour": "RED"
    },
    {
      "x": 4,
      "y": 0,
      "type": "portal",
      "colour": "RED"
    },
    {
      "x": 7,
      "y": 7,
      "type": "exit"
    }
  ],
  "goal-condition": {
    "goal": "exit"
  }
}