[{"name": "Claudia Zingaro", "score": 84.50, "preferences": ["422300+2","511207"]},
{"name": "Ivan Connolly", "score": 91.00, "preferences": ["511207+5","511504"]},
{"name": "Jeffie Honaker", "score": 94.50, "preferences": ["511207","511504","511795"]},
{"name": "Floria Rozar", "score": 82.25, "preferences": ["422000","422300","511207","511504"]},
{"name": "Hyun Castleberry", "score": 83.15, "preferences": ["511795", "423600"]},
{"name": "Leland Acheson", "score": 81.15, "preferences": ["511207","422000"]},
{"name": "Wally Seppala", "score": 95.00, "preferences": ["511504"]},
{"name": "Cristi Authement", "score": 90.00, "preferences": ["511207"]},
{"name": "Yadira Millwood", "score": 83.15, "preferences": ["511795+2.5"]},
{"name": "Abram Bloomer", "score": 98.00, "preferences": ["511207","511795"]}]